dataset,video_id,label,label_name,label_cat,embedding_file,n_frames,embedding_dim,layer
DeepFakeDetection,01_02__exit_phone_room__YVGY8LOK,0,fake,DFD_fake,/home/max-andreasen/GitHub/DeepfakeBench/clip/embeddings/benchmarks/dfd_layer16/ViT-L-14-336-quickgelu/pre_proj/DeepFakeDetection/DFD_fake/01_02__exit_phone_room__YVGY8LOK.npz,96,1024,pre_proj
DeepFakeDetection,01_02__hugging_happy__YVGY8LOK,0,fake,DFD_fake,/home/max-andreasen/GitHub/DeepfakeBench/clip/embeddings/benchmarks/dfd_layer16/ViT-L-14-336-quickgelu/pre_proj/DeepFakeDetection/DFD_fake/01_02__hugging_happy__YVGY8LOK.npz,96,1024,pre_proj
DeepFakeDetection,01_02__meeting_serious__YVGY8LOK,0,fake,DFD_fake,/home/max-andreasen/GitHub/DeepfakeBench/clip/embeddings/benchmarks/dfd_layer16/ViT-L-14-336-quickgelu/pre_proj/DeepFakeDetection/DFD_fake/01_02__meeting_serious__YVGY8LOK.npz,96,1024,pre_proj
DeepFakeDetection,01_02__outside_talking_still_laughing__YVGY8LOK,0,fake,DFD_fake,/home/max-andreasen/GitHub/DeepfakeBench/clip/embeddings/benchmarks/dfd_layer16/ViT-L-14-336-quickgelu/pre_proj/DeepFakeDetection/DFD_fake/01_02__outside_talking_still_laughing__YVGY8LOK.npz,96,1024,pre_proj
DeepFakeDetection,01_02__secret_conversation__YVGY8LOK,0,fake,DFD_fake,/home/max-andreasen/GitHub/DeepfakeBench/clip/embeddings/benchmarks/dfd_layer16/ViT-L-14-336-quickgelu/pre_proj/DeepFakeDetection/DFD_fake/01_02__secret_conversation__YVGY8LOK.npz,96,1024,pre_proj
DeepFakeDetection,01_02__talking_against_wall__YVGY8LOK,0,fake,DFD_fake,/home/max-andreasen/GitHub/DeepfakeBench/clip/embeddings/benchmarks/dfd_layer16/ViT-L-14-336-quickgelu/pre_proj/DeepFakeDetection/DFD_fake/01_02__talking_against_wall__YVGY8LOK.npz,96,1024,pre_proj
DeepFakeDetection,01_02__talking_angry_couch__YVGY8LOK,0,fake,DFD_fake,/home/max-andreasen/GitHub/DeepfakeBench/clip/embeddings/benchmarks/dfd_layer16/ViT-L-14-336-quickgelu/pre_proj/DeepFakeDetection/DFD_fake/01_02__talking_angry_couch__YVGY8LOK.npz,96,1024,pre_proj
DeepFakeDetection,01_02__walk_down_hall_angry__YVGY8LOK,0,fake,DFD_fake,/home/max-andreasen/GitHub/DeepfakeBench/clip/embeddings/benchmarks/dfd_layer16/ViT-L-14-336-quickgelu/pre_proj/DeepFakeDetection/DFD_fake/01_02__walk_down_hall_angry__YVGY8LOK.npz,96,1024,pre_proj
DeepFakeDetection,01_02__walking_and_outside_surprised__YVGY8LOK,0,fake,DFD_fake,/home/max-andreasen/GitHub/DeepfakeBench/clip/embeddings/benchmarks/dfd_layer16/ViT-L-14-336-quickgelu/pre_proj/DeepFakeDetection/DFD_fake/01_02__walking_and_outside_surprised__YVGY8LOK.npz,96,1024,pre_proj
DeepFakeDetection,01_02__walking_down_indoor_hall_disgust__YVGY8LOK,0,fake,DFD_fake,/home/max-andreasen/GitHub/DeepfakeBench/clip/embeddings/benchmarks/dfd_layer16/ViT-L-14-336-quickgelu/pre_proj/DeepFakeDetection/DFD_fake/01_02__walking_down_indoor_hall_disgust__YVGY8LOK.npz,96,1024,pre_proj
DeepFakeDetection,01_02__walking_outside_cafe_disgusted__YVGY8LOK,0,fake,DFD_fake,/home/max-andreasen/GitHub/DeepfakeBench/clip/embeddings/benchmarks/dfd_layer16/ViT-L-14-336-quickgelu/pre_proj/DeepFakeDetection/DFD_fake/01_02__walking_outside_cafe_disgusted__YVGY8LOK.npz,96,1024,pre_proj
DeepFakeDetection,01_03__hugging_happy__ISF9SP4G,0,fake,DFD_fake,/home/max-andreasen/GitHub/DeepfakeBench/clip/embeddings/benchmarks/dfd_layer16/ViT-L-14-336-quickgelu/pre_proj/DeepFakeDetection/DFD_fake/01_03__hugging_happy__ISF9SP4G.npz,96,1024,pre_proj
DeepFakeDetection,01_03__kitchen_pan__JZUXXFRB,0,fake,DFD_fake,/home/max-andreasen/GitHub/DeepfakeBench/clip/embeddings/benchmarks/dfd_layer16/ViT-L-14-336-quickgelu/pre_proj/DeepFakeDetection/DFD_fake/01_03__kitchen_pan__JZUXXFRB.npz,96,1024,pre_proj
DeepFakeDetection,01_03__kitchen_still__JZUXXFRB,0,fake,DFD_fake,/home/max-andreasen/GitHub/DeepfakeBench/clip/embeddings/benchmarks/dfd_layer16/ViT-L-14-336-quickgelu/pre_proj/DeepFakeDetection/DFD_fake/01_03__kitchen_still__JZUXXFRB.npz,96,1024,pre_proj
DeepFakeDetection,01_03__meeting_serious__JZUXXFRB,0,fake,DFD_fake,/home/max-andreasen/GitHub/DeepfakeBench/clip/embeddings/benchmarks/dfd_layer16/ViT-L-14-336-quickgelu/pre_proj/DeepFakeDetection/DFD_fake/01_03__meeting_serious__JZUXXFRB.npz,96,1024,pre_proj
DeepFakeDetection,01_03__outside_talking_pan_laughing__ISF9SP4G,0,fake,DFD_fake,/home/max-andreasen/GitHub/DeepfakeBench/clip/embeddings/benchmarks/dfd_layer16/ViT-L-14-336-quickgelu/pre_proj/DeepFakeDetection/DFD_fake/01_03__outside_talking_pan_laughing__ISF9SP4G.npz,96,1024,pre_proj
DeepFakeDetection,01_03__outside_talking_still_laughing__JZUXXFRB,0,fake,DFD_fake,/home/max-andreasen/GitHub/DeepfakeBench/clip/embeddings/benchmarks/dfd_layer16/ViT-L-14-336-quickgelu/pre_proj/DeepFakeDetection/DFD_fake/01_03__outside_talking_still_laughing__JZUXXFRB.npz,96,1024,pre_proj
DeepFakeDetection,01_03__podium_speech_happy__480LQD1C,0,fake,DFD_fake,/home/max-andreasen/GitHub/DeepfakeBench/clip/embeddings/benchmarks/dfd_layer16/ViT-L-14-336-quickgelu/pre_proj/DeepFakeDetection/DFD_fake/01_03__podium_speech_happy__480LQD1C.npz,96,1024,pre_proj
DeepFakeDetection,01_03__podium_speech_happy__JZUXXFRB,0,fake,DFD_fake,/home/max-andreasen/GitHub/DeepfakeBench/clip/embeddings/benchmarks/dfd_layer16/ViT-L-14-336-quickgelu/pre_proj/DeepFakeDetection/DFD_fake/01_03__podium_speech_happy__JZUXXFRB.npz,96,1024,pre_proj
DeepFakeDetection,01_03__secret_conversation__480LQD1C,0,fake,DFD_fake,/home/max-andreasen/GitHub/DeepfakeBench/clip/embeddings/benchmarks/dfd_layer16/ViT-L-14-336-quickgelu/pre_proj/DeepFakeDetection/DFD_fake/01_03__secret_conversation__480LQD1C.npz,96,1024,pre_proj
DeepFakeDetection,01_03__talking_against_wall__JZUXXFRB,0,fake,DFD_fake,/home/max-andreasen/GitHub/DeepfakeBench/clip/embeddings/benchmarks/dfd_layer16/ViT-L-14-336-quickgelu/pre_proj/DeepFakeDetection/DFD_fake/01_03__talking_against_wall__JZUXXFRB.npz,96,1024,pre_proj
DeepFakeDetection,01_03__talking_angry_couch__ISF9SP4G,0,fake,DFD_fake,/home/max-andreasen/GitHub/DeepfakeBench/clip/embeddings/benchmarks/dfd_layer16/ViT-L-14-336-quickgelu/pre_proj/DeepFakeDetection/DFD_fake/01_03__talking_angry_couch__ISF9SP4G.npz,96,1024,pre_proj
DeepFakeDetection,01_03__talking_angry_couch__JZUXXFRB,0,fake,DFD_fake,/home/max-andreasen/GitHub/DeepfakeBench/clip/embeddings/benchmarks/dfd_layer16/ViT-L-14-336-quickgelu/pre_proj/DeepFakeDetection/DFD_fake/01_03__talking_angry_couch__JZUXXFRB.npz,96,1024,pre_proj
DeepFakeDetection,01_04__exit_phone_room__0XUW13RW,0,fake,DFD_fake,/home/max-andreasen/GitHub/DeepfakeBench/clip/embeddings/benchmarks/dfd_layer16/ViT-L-14-336-quickgelu/pre_proj/DeepFakeDetection/DFD_fake/01_04__exit_phone_room__0XUW13RW.npz,96,1024,pre_proj
DeepFakeDetection,01_04__hugging_happy__GBC7ZGDP,0,fake,DFD_fake,/home/max-andreasen/GitHub/DeepfakeBench/clip/embeddings/benchmarks/dfd_layer16/ViT-L-14-336-quickgelu/pre_proj/DeepFakeDetection/DFD_fake/01_04__hugging_happy__GBC7ZGDP.npz,96,1024,pre_proj
DeepFakeDetection,01_04__kitchen_pan__GBC7ZGDP,0,fake,DFD_fake,/home/max-andreasen/GitHub/DeepfakeBench/clip/embeddings/benchmarks/dfd_layer16/ViT-L-14-336-quickgelu/pre_proj/DeepFakeDetection/DFD_fake/01_04__kitchen_pan__GBC7ZGDP.npz,96,1024,pre_proj
DeepFakeDetection,01_04__kitchen_still__GBC7ZGDP,0,fake,DFD_fake,/home/max-andreasen/GitHub/DeepfakeBench/clip/embeddings/benchmarks/dfd_layer16/ViT-L-14-336-quickgelu/pre_proj/DeepFakeDetection/DFD_fake/01_04__kitchen_still__GBC7ZGDP.npz,96,1024,pre_proj
DeepFakeDetection,01_04__meeting_serious__0XUW13RW,0,fake,DFD_fake,/home/max-andreasen/GitHub/DeepfakeBench/clip/embeddings/benchmarks/dfd_layer16/ViT-L-14-336-quickgelu/pre_proj/DeepFakeDetection/DFD_fake/01_04__meeting_serious__0XUW13RW.npz,96,1024,pre_proj
DeepFakeDetection,01_04__outside_talking_still_laughing__0XUW13RW,0,fake,DFD_fake,/home/max-andreasen/GitHub/DeepfakeBench/clip/embeddings/benchmarks/dfd_layer16/ViT-L-14-336-quickgelu/pre_proj/DeepFakeDetection/DFD_fake/01_04__outside_talking_still_laughing__0XUW13RW.npz,96,1024,pre_proj
DeepFakeDetection,01_04__podium_speech_happy__0XUW13RW,0,fake,DFD_fake,/home/max-andreasen/GitHub/DeepfakeBench/clip/embeddings/benchmarks/dfd_layer16/ViT-L-14-336-quickgelu/pre_proj/DeepFakeDetection/DFD_fake/01_04__podium_speech_happy__0XUW13RW.npz,96,1024,pre_proj
DeepFakeDetection,01_04__podium_speech_happy__6I623VU9,0,fake,DFD_fake,/home/max-andreasen/GitHub/DeepfakeBench/clip/embeddings/benchmarks/dfd_layer16/ViT-L-14-336-quickgelu/pre_proj/DeepFakeDetection/DFD_fake/01_04__podium_speech_happy__6I623VU9.npz,96,1024,pre_proj
DeepFakeDetection,01_04__podium_speech_happy__GBC7ZGDP,0,fake,DFD_fake,/home/max-andreasen/GitHub/DeepfakeBench/clip/embeddings/benchmarks/dfd_layer16/ViT-L-14-336-quickgelu/pre_proj/DeepFakeDetection/DFD_fake/01_04__podium_speech_happy__GBC7ZGDP.npz,96,1024,pre_proj
DeepFakeDetection,01_04__talking_angry_couch__0XUW13RW,0,fake,DFD_fake,/home/max-andreasen/GitHub/DeepfakeBench/clip/embeddings/benchmarks/dfd_layer16/ViT-L-14-336-quickgelu/pre_proj/DeepFakeDetection/DFD_fake/01_04__talking_angry_couch__0XUW13RW.npz,96,1024,pre_proj
DeepFakeDetection,01_04__walk_down_hall_angry__0XUW13RW,0,fake,DFD_fake,/home/max-andreasen/GitHub/DeepfakeBench/clip/embeddings/benchmarks/dfd_layer16/ViT-L-14-336-quickgelu/pre_proj/DeepFakeDetection/DFD_fake/01_04__walk_down_hall_angry__0XUW13RW.npz,96,1024,pre_proj
DeepFakeDetection,01_04__walk_down_hall_angry__GBC7ZGDP,0,fake,DFD_fake,/home/max-andreasen/GitHub/DeepfakeBench/clip/embeddings/benchmarks/dfd_layer16/ViT-L-14-336-quickgelu/pre_proj/DeepFakeDetection/DFD_fake/01_04__walk_down_hall_angry__GBC7ZGDP.npz,96,1024,pre_proj
DeepFakeDetection,01_04__walking_and_outside_surprised__GBC7ZGDP,0,fake,DFD_fake,/home/max-andreasen/GitHub/DeepfakeBench/clip/embeddings/benchmarks/dfd_layer16/ViT-L-14-336-quickgelu/pre_proj/DeepFakeDetection/DFD_fake/01_04__walking_and_outside_surprised__GBC7ZGDP.npz,96,1024,pre_proj
DeepFakeDetection,01_04__walking_down_street_outside_angry__0XUW13RW,0,fake,DFD_fake,/home/max-andreasen/GitHub/DeepfakeBench/clip/embeddings/benchmarks/dfd_layer16/ViT-L-14-336-quickgelu/pre_proj/DeepFakeDetection/DFD_fake/01_04__walking_down_street_outside_angry__0XUW13RW.npz,96,1024,pre_proj
DeepFakeDetection,01_04__walking_outside_cafe_disgusted__0XUW13RW,0,fake,DFD_fake,/home/max-andreasen/GitHub/DeepfakeBench/clip/embeddings/benchmarks/dfd_layer16/ViT-L-14-336-quickgelu/pre_proj/DeepFakeDetection/DFD_fake/01_04__walking_outside_cafe_disgusted__0XUW13RW.npz,96,1024,pre_proj
DeepFakeDetection,01_09__exit_phone_room__6TSGVLHA,0,fake,DFD_fake,/home/max-andreasen/GitHub/DeepfakeBench/clip/embeddings/benchmarks/dfd_layer16/ViT-L-14-336-quickgelu/pre_proj/DeepFakeDetection/DFD_fake/01_09__exit_phone_room__6TSGVLHA.npz,96,1024,pre_proj
DeepFakeDetection,01_09__hugging_happy__SJZRV69J,0,fake,DFD_fake,/home/max-andreasen/GitHub/DeepfakeBench/clip/embeddings/benchmarks/dfd_layer16/ViT-L-14-336-quickgelu/pre_proj/DeepFakeDetection/DFD_fake/01_09__hugging_happy__SJZRV69J.npz,96,1024,pre_proj
DeepFakeDetection,01_09__kitchen_pan__6TSGVLHA,0,fake,DFD_fake,/home/max-andreasen/GitHub/DeepfakeBench/clip/embeddings/benchmarks/dfd_layer16/ViT-L-14-336-quickgelu/pre_proj/DeepFakeDetection/DFD_fake/01_09__kitchen_pan__6TSGVLHA.npz,96,1024,pre_proj
DeepFakeDetection,01_09__talking_angry_couch__O8HNNX43,0,fake,DFD_fake,/home/max-andreasen/GitHub/DeepfakeBench/clip/embeddings/benchmarks/dfd_layer16/ViT-L-14-336-quickgelu/pre_proj/DeepFakeDetection/DFD_fake/01_09__talking_angry_couch__O8HNNX43.npz,96,1024,pre_proj
DeepFakeDetection,01_09__talking_angry_couch__P70H1JB0,0,fake,DFD_fake,/home/max-andreasen/GitHub/DeepfakeBench/clip/embeddings/benchmarks/dfd_layer16/ViT-L-14-336-quickgelu/pre_proj/DeepFakeDetection/DFD_fake/01_09__talking_angry_couch__P70H1JB0.npz,96,1024,pre_proj
DeepFakeDetection,01_09__walk_down_hall_angry__P70H1JB0,0,fake,DFD_fake,/home/max-andreasen/GitHub/DeepfakeBench/clip/embeddings/benchmarks/dfd_layer16/ViT-L-14-336-quickgelu/pre_proj/DeepFakeDetection/DFD_fake/01_09__walk_down_hall_angry__P70H1JB0.npz,96,1024,pre_proj
DeepFakeDetection,01_11__exit_phone_room__4OJNJLOO,0,fake,DFD_fake,/home/max-andreasen/GitHub/DeepfakeBench/clip/embeddings/benchmarks/dfd_layer16/ViT-L-14-336-quickgelu/pre_proj/DeepFakeDetection/DFD_fake/01_11__exit_phone_room__4OJNJLOO.npz,96,1024,pre_proj
DeepFakeDetection,01_11__exit_phone_room__9229VVZ3,0,fake,DFD_fake,/home/max-andreasen/GitHub/DeepfakeBench/clip/embeddings/benchmarks/dfd_layer16/ViT-L-14-336-quickgelu/pre_proj/DeepFakeDetection/DFD_fake/01_11__exit_phone_room__9229VVZ3.npz,96,1024,pre_proj
DeepFakeDetection,01_11__hugging_happy__4OJNJLOO,0,fake,DFD_fake,/home/max-andreasen/GitHub/DeepfakeBench/clip/embeddings/benchmarks/dfd_layer16/ViT-L-14-336-quickgelu/pre_proj/DeepFakeDetection/DFD_fake/01_11__hugging_happy__4OJNJLOO.npz,96,1024,pre_proj
DeepFakeDetection,01_11__hugging_happy__EKE2KNRE,0,fake,DFD_fake,/home/max-andreasen/GitHub/DeepfakeBench/clip/embeddings/benchmarks/dfd_layer16/ViT-L-14-336-quickgelu/pre_proj/DeepFakeDetection/DFD_fake/01_11__hugging_happy__EKE2KNRE.npz,96,1024,pre_proj
DeepFakeDetection,01_11__hugging_happy__P06JKA75,0,fake,DFD_fake,/home/max-andreasen/GitHub/DeepfakeBench/clip/embeddings/benchmarks/dfd_layer16/ViT-L-14-336-quickgelu/pre_proj/DeepFakeDetection/DFD_fake/01_11__hugging_happy__P06JKA75.npz,96,1024,pre_proj
DeepFakeDetection,01_11__kitchen_pan__WIZ7GKOD,0,fake,DFD_fake,/home/max-andreasen/GitHub/DeepfakeBench/clip/embeddings/benchmarks/dfd_layer16/ViT-L-14-336-quickgelu/pre_proj/DeepFakeDetection/DFD_fake/01_11__kitchen_pan__WIZ7GKOD.npz,96,1024,pre_proj
DeepFakeDetection,01_11__kitchen_still__5OVT6C66,0,fake,DFD_fake,/home/max-andreasen/GitHub/DeepfakeBench/clip/embeddings/benchmarks/dfd_layer16/ViT-L-14-336-quickgelu/pre_proj/DeepFakeDetection/DFD_fake/01_11__kitchen_still__5OVT6C66.npz,96,1024,pre_proj
DeepFakeDetection,01_11__meeting_serious__18HYCC8C,0,fake,DFD_fake,/home/max-andreasen/GitHub/DeepfakeBench/clip/embeddings/benchmarks/dfd_layer16/ViT-L-14-336-quickgelu/pre_proj/DeepFakeDetection/DFD_fake/01_11__meeting_serious__18HYCC8C.npz,96,1024,pre_proj
DeepFakeDetection,01_11__meeting_serious__9OM3VE0Y,0,fake,DFD_fake,/home/max-andreasen/GitHub/DeepfakeBench/clip/embeddings/benchmarks/dfd_layer16/ViT-L-14-336-quickgelu/pre_proj/DeepFakeDetection/DFD_fake/01_11__meeting_serious__9OM3VE0Y.npz,96,1024,pre_proj
DeepFakeDetection,01_11__meeting_serious__FAFWDR4W,0,fake,DFD_fake,/home/max-andreasen/GitHub/DeepfakeBench/clip/embeddings/benchmarks/dfd_layer16/ViT-L-14-336-quickgelu/pre_proj/DeepFakeDetection/DFD_fake/01_11__meeting_serious__FAFWDR4W.npz,96,1024,pre_proj
DeepFakeDetection,01_11__meeting_serious__FCNL2OVP,0,fake,DFD_fake,/home/max-andreasen/GitHub/DeepfakeBench/clip/embeddings/benchmarks/dfd_layer16/ViT-L-14-336-quickgelu/pre_proj/DeepFakeDetection/DFD_fake/01_11__meeting_serious__FCNL2OVP.npz,96,1024,pre_proj
DeepFakeDetection,01_11__meeting_serious__WIZ7GKOD,0,fake,DFD_fake,/home/max-andreasen/GitHub/DeepfakeBench/clip/embeddings/benchmarks/dfd_layer16/ViT-L-14-336-quickgelu/pre_proj/DeepFakeDetection/DFD_fake/01_11__meeting_serious__WIZ7GKOD.npz,96,1024,pre_proj
DeepFakeDetection,01_11__outside_talking_pan_laughing__9OM3VE0Y,0,fake,DFD_fake,/home/max-andreasen/GitHub/DeepfakeBench/clip/embeddings/benchmarks/dfd_layer16/ViT-L-14-336-quickgelu/pre_proj/DeepFakeDetection/DFD_fake/01_11__outside_talking_pan_laughing__9OM3VE0Y.npz,96,1024,pre_proj
DeepFakeDetection,01_11__outside_talking_pan_laughing__LL4RUKZA,0,fake,DFD_fake,/home/max-andreasen/GitHub/DeepfakeBench/clip/embeddings/benchmarks/dfd_layer16/ViT-L-14-336-quickgelu/pre_proj/DeepFakeDetection/DFD_fake/01_11__outside_talking_pan_laughing__LL4RUKZA.npz,96,1024,pre_proj
DeepFakeDetection,01_11__outside_talking_pan_laughing__UQ0BOBNO,0,fake,DFD_fake,/home/max-andreasen/GitHub/DeepfakeBench/clip/embeddings/benchmarks/dfd_layer16/ViT-L-14-336-quickgelu/pre_proj/DeepFakeDetection/DFD_fake/01_11__outside_talking_pan_laughing__UQ0BOBNO.npz,96,1024,pre_proj
DeepFakeDetection,01_11__outside_talking_still_laughing__4OJNJLOO,0,fake,DFD_fake,/home/max-andreasen/GitHub/DeepfakeBench/clip/embeddings/benchmarks/dfd_layer16/ViT-L-14-336-quickgelu/pre_proj/DeepFakeDetection/DFD_fake/01_11__outside_talking_still_laughing__4OJNJLOO.npz,96,1024,pre_proj
DeepFakeDetection,01_11__outside_talking_still_laughing__9229VVZ3,0,fake,DFD_fake,/home/max-andreasen/GitHub/DeepfakeBench/clip/embeddings/benchmarks/dfd_layer16/ViT-L-14-336-quickgelu/pre_proj/DeepFakeDetection/DFD_fake/01_11__outside_talking_still_laughing__9229VVZ3.npz,96,1024,pre_proj
DeepFakeDetection,01_11__podium_speech_happy__WIZ7GKOD,0,fake,DFD_fake,/home/max-andreasen/GitHub/DeepfakeBench/clip/embeddings/benchmarks/dfd_layer16/ViT-L-14-336-quickgelu/pre_proj/DeepFakeDetection/DFD_fake/01_11__podium_speech_happy__WIZ7GKOD.npz,96,1024,pre_proj
DeepFakeDetection,01_11__secret_conversation__4OJNJLOO,0,fake,DFD_fake,/home/max-andreasen/GitHub/DeepfakeBench/clip/embeddings/benchmarks/dfd_layer16/ViT-L-14-336-quickgelu/pre_proj/DeepFakeDetection/DFD_fake/01_11__secret_conversation__4OJNJLOO.npz,96,1024,pre_proj
DeepFakeDetection,01_11__talking_against_wall__4OJNJLOO,0,fake,DFD_fake,/home/max-andreasen/GitHub/DeepfakeBench/clip/embeddings/benchmarks/dfd_layer16/ViT-L-14-336-quickgelu/pre_proj/DeepFakeDetection/DFD_fake/01_11__talking_against_wall__4OJNJLOO.npz,96,1024,pre_proj
DeepFakeDetection,01_11__talking_against_wall__9229VVZ3,0,fake,DFD_fake,/home/max-andreasen/GitHub/DeepfakeBench/clip/embeddings/benchmarks/dfd_layer16/ViT-L-14-336-quickgelu/pre_proj/DeepFakeDetection/DFD_fake/01_11__talking_against_wall__9229VVZ3.npz,96,1024,pre_proj
DeepFakeDetection,01_11__talking_against_wall__P06JKA75,0,fake,DFD_fake,/home/max-andreasen/GitHub/DeepfakeBench/clip/embeddings/benchmarks/dfd_layer16/ViT-L-14-336-quickgelu/pre_proj/DeepFakeDetection/DFD_fake/01_11__talking_against_wall__P06JKA75.npz,96,1024,pre_proj
DeepFakeDetection,01_11__talking_against_wall__UQ0BOBNO,0,fake,DFD_fake,/home/max-andreasen/GitHub/DeepfakeBench/clip/embeddings/benchmarks/dfd_layer16/ViT-L-14-336-quickgelu/pre_proj/DeepFakeDetection/DFD_fake/01_11__talking_against_wall__UQ0BOBNO.npz,96,1024,pre_proj
DeepFakeDetection,01_11__talking_against_wall__WIZ7GKOD,0,fake,DFD_fake,/home/max-andreasen/GitHub/DeepfakeBench/clip/embeddings/benchmarks/dfd_layer16/ViT-L-14-336-quickgelu/pre_proj/DeepFakeDetection/DFD_fake/01_11__talking_against_wall__WIZ7GKOD.npz,96,1024,pre_proj
DeepFakeDetection,01_11__talking_angry_couch__FAFWDR4W,0,fake,DFD_fake,/home/max-andreasen/GitHub/DeepfakeBench/clip/embeddings/benchmarks/dfd_layer16/ViT-L-14-336-quickgelu/pre_proj/DeepFakeDetection/DFD_fake/01_11__talking_angry_couch__FAFWDR4W.npz,96,1024,pre_proj
DeepFakeDetection,01_11__walking_and_outside_surprised__18HYCC8C,0,fake,DFD_fake,/home/max-andreasen/GitHub/DeepfakeBench/clip/embeddings/benchmarks/dfd_layer16/ViT-L-14-336-quickgelu/pre_proj/DeepFakeDetection/DFD_fake/01_11__walking_and_outside_surprised__18HYCC8C.npz,96,1024,pre_proj
DeepFakeDetection,01_12__kitchen_pan__TNI7KUZ6,0,fake,DFD_fake,/home/max-andreasen/GitHub/DeepfakeBench/clip/embeddings/benchmarks/dfd_layer16/ViT-L-14-336-quickgelu/pre_proj/DeepFakeDetection/DFD_fake/01_12__kitchen_pan__TNI7KUZ6.npz,96,1024,pre_proj
DeepFakeDetection,01_12__outside_talking_pan_laughing__TNI7KUZ6,0,fake,DFD_fake,/home/max-andreasen/GitHub/DeepfakeBench/clip/embeddings/benchmarks/dfd_layer16/ViT-L-14-336-quickgelu/pre_proj/DeepFakeDetection/DFD_fake/01_12__outside_talking_pan_laughing__TNI7KUZ6.npz,96,1024,pre_proj
DeepFakeDetection,01_12__outside_talking_still_laughing__TNI7KUZ6,0,fake,DFD_fake,/home/max-andreasen/GitHub/DeepfakeBench/clip/embeddings/benchmarks/dfd_layer16/ViT-L-14-336-quickgelu/pre_proj/DeepFakeDetection/DFD_fake/01_12__outside_talking_still_laughing__TNI7KUZ6.npz,96,1024,pre_proj
DeepFakeDetection,01_14__hugging_happy__0S0NS5C6,0,fake,DFD_fake,/home/max-andreasen/GitHub/DeepfakeBench/clip/embeddings/benchmarks/dfd_layer16/ViT-L-14-336-quickgelu/pre_proj/DeepFakeDetection/DFD_fake/01_14__hugging_happy__0S0NS5C6.npz,96,1024,pre_proj
DeepFakeDetection,01_14__kitchen_still__01YF7VQM,0,fake,DFD_fake,/home/max-andreasen/GitHub/DeepfakeBench/clip/embeddings/benchmarks/dfd_layer16/ViT-L-14-336-quickgelu/pre_proj/DeepFakeDetection/DFD_fake/01_14__kitchen_still__01YF7VQM.npz,96,1024,pre_proj
DeepFakeDetection,01_14__outside_talking_still_laughing__01YF7VQM,0,fake,DFD_fake,/home/max-andreasen/GitHub/DeepfakeBench/clip/embeddings/benchmarks/dfd_layer16/ViT-L-14-336-quickgelu/pre_proj/DeepFakeDetection/DFD_fake/01_14__outside_talking_still_laughing__01YF7VQM.npz,96,1024,pre_proj
DeepFakeDetection,01_14__walking_and_outside_surprised__01YF7VQM,0,fake,DFD_fake,/home/max-andreasen/GitHub/DeepfakeBench/clip/embeddings/benchmarks/dfd_layer16/ViT-L-14-336-quickgelu/pre_proj/DeepFakeDetection/DFD_fake/01_14__walking_and_outside_surprised__01YF7VQM.npz,96,1024,pre_proj
DeepFakeDetection,01_14__walking_outside_cafe_disgusted__01YF7VQM,0,fake,DFD_fake,/home/max-andreasen/GitHub/DeepfakeBench/clip/embeddings/benchmarks/dfd_layer16/ViT-L-14-336-quickgelu/pre_proj/DeepFakeDetection/DFD_fake/01_14__walking_outside_cafe_disgusted__01YF7VQM.npz,96,1024,pre_proj
DeepFakeDetection,01_15__exit_phone_room__02HILKYO,0,fake,DFD_fake,/home/max-andreasen/GitHub/DeepfakeBench/clip/embeddings/benchmarks/dfd_layer16/ViT-L-14-336-quickgelu/pre_proj/DeepFakeDetection/DFD_fake/01_15__exit_phone_room__02HILKYO.npz,96,1024,pre_proj
DeepFakeDetection,01_15__hugging_happy__02HILKYO,0,fake,DFD_fake,/home/max-andreasen/GitHub/DeepfakeBench/clip/embeddings/benchmarks/dfd_layer16/ViT-L-14-336-quickgelu/pre_proj/DeepFakeDetection/DFD_fake/01_15__hugging_happy__02HILKYO.npz,96,1024,pre_proj
DeepFakeDetection,01_15__kitchen_pan__02HILKYO,0,fake,DFD_fake,/home/max-andreasen/GitHub/DeepfakeBench/clip/embeddings/benchmarks/dfd_layer16/ViT-L-14-336-quickgelu/pre_proj/DeepFakeDetection/DFD_fake/01_15__kitchen_pan__02HILKYO.npz,96,1024,pre_proj
DeepFakeDetection,01_15__kitchen_still__02HILKYO,0,fake,DFD_fake,/home/max-andreasen/GitHub/DeepfakeBench/clip/embeddings/benchmarks/dfd_layer16/ViT-L-14-336-quickgelu/pre_proj/DeepFakeDetection/DFD_fake/01_15__kitchen_still__02HILKYO.npz,96,1024,pre_proj
DeepFakeDetection,01_15__outside_talking_pan_laughing__02HILKYO,0,fake,DFD_fake,/home/max-andreasen/GitHub/DeepfakeBench/clip/embeddings/benchmarks/dfd_layer16/ViT-L-14-336-quickgelu/pre_proj/DeepFakeDetection/DFD_fake/01_15__outside_talking_pan_laughing__02HILKYO.npz,96,1024,pre_proj
DeepFakeDetection,01_15__outside_talking_still_laughing__02HILKYO,0,fake,DFD_fake,/home/max-andreasen/GitHub/DeepfakeBench/clip/embeddings/benchmarks/dfd_layer16/ViT-L-14-336-quickgelu/pre_proj/DeepFakeDetection/DFD_fake/01_15__outside_talking_still_laughing__02HILKYO.npz,96,1024,pre_proj
DeepFakeDetection,01_15__podium_speech_happy__02HILKYO,0,fake,DFD_fake,/home/max-andreasen/GitHub/DeepfakeBench/clip/embeddings/benchmarks/dfd_layer16/ViT-L-14-336-quickgelu/pre_proj/DeepFakeDetection/DFD_fake/01_15__podium_speech_happy__02HILKYO.npz,96,1024,pre_proj
DeepFakeDetection,01_15__walk_down_hall_angry__02HILKYO,0,fake,DFD_fake,/home/max-andreasen/GitHub/DeepfakeBench/clip/embeddings/benchmarks/dfd_layer16/ViT-L-14-336-quickgelu/pre_proj/DeepFakeDetection/DFD_fake/01_15__walk_down_hall_angry__02HILKYO.npz,96,1024,pre_proj
DeepFakeDetection,01_15__walking_and_outside_surprised__02HILKYO,0,fake,DFD_fake,/home/max-andreasen/GitHub/DeepfakeBench/clip/embeddings/benchmarks/dfd_layer16/ViT-L-14-336-quickgelu/pre_proj/DeepFakeDetection/DFD_fake/01_15__walking_and_outside_surprised__02HILKYO.npz,96,1024,pre_proj
DeepFakeDetection,01_15__walking_down_street_outside_angry__02HILKYO,0,fake,DFD_fake,/home/max-andreasen/GitHub/DeepfakeBench/clip/embeddings/benchmarks/dfd_layer16/ViT-L-14-336-quickgelu/pre_proj/DeepFakeDetection/DFD_fake/01_15__walking_down_street_outside_angry__02HILKYO.npz,96,1024,pre_proj
DeepFakeDetection,01_20__hugging_happy__6UBMLXK3,0,fake,DFD_fake,/home/max-andreasen/GitHub/DeepfakeBench/clip/embeddings/benchmarks/dfd_layer16/ViT-L-14-336-quickgelu/pre_proj/DeepFakeDetection/DFD_fake/01_20__hugging_happy__6UBMLXK3.npz,96,1024,pre_proj
DeepFakeDetection,01_20__hugging_happy__FW94AIMJ,0,fake,DFD_fake,/home/max-andreasen/GitHub/DeepfakeBench/clip/embeddings/benchmarks/dfd_layer16/ViT-L-14-336-quickgelu/pre_proj/DeepFakeDetection/DFD_fake/01_20__hugging_happy__FW94AIMJ.npz,96,1024,pre_proj
DeepFakeDetection,01_20__kitchen_pan__6UBMLXK3,0,fake,DFD_fake,/home/max-andreasen/GitHub/DeepfakeBench/clip/embeddings/benchmarks/dfd_layer16/ViT-L-14-336-quickgelu/pre_proj/DeepFakeDetection/DFD_fake/01_20__kitchen_pan__6UBMLXK3.npz,96,1024,pre_proj
DeepFakeDetection,01_20__kitchen_still__D8GWGO2A,0,fake,DFD_fake,/home/max-andreasen/GitHub/DeepfakeBench/clip/embeddings/benchmarks/dfd_layer16/ViT-L-14-336-quickgelu/pre_proj/DeepFakeDetection/DFD_fake/01_20__kitchen_still__D8GWGO2A.npz,96,1024,pre_proj
DeepFakeDetection,01_20__kitchen_still__FW94AIMJ,0,fake,DFD_fake,/home/max-andreasen/GitHub/DeepfakeBench/clip/embeddings/benchmarks/dfd_layer16/ViT-L-14-336-quickgelu/pre_proj/DeepFakeDetection/DFD_fake/01_20__kitchen_still__FW94AIMJ.npz,96,1024,pre_proj
DeepFakeDetection,01_20__meeting_serious__6UBMLXK3,0,fake,DFD_fake,/home/max-andreasen/GitHub/DeepfakeBench/clip/embeddings/benchmarks/dfd_layer16/ViT-L-14-336-quickgelu/pre_proj/DeepFakeDetection/DFD_fake/01_20__meeting_serious__6UBMLXK3.npz,96,1024,pre_proj
DeepFakeDetection,01_20__meeting_serious__FW94AIMJ,0,fake,DFD_fake,/home/max-andreasen/GitHub/DeepfakeBench/clip/embeddings/benchmarks/dfd_layer16/ViT-L-14-336-quickgelu/pre_proj/DeepFakeDetection/DFD_fake/01_20__meeting_serious__FW94AIMJ.npz,96,1024,pre_proj
DeepFakeDetection,01_20__outside_talking_pan_laughing__6UBMLXK3,0,fake,DFD_fake,/home/max-andreasen/GitHub/DeepfakeBench/clip/embeddings/benchmarks/dfd_layer16/ViT-L-14-336-quickgelu/pre_proj/DeepFakeDetection/DFD_fake/01_20__outside_talking_pan_laughing__6UBMLXK3.npz,96,1024,pre_proj
DeepFakeDetection,01_20__outside_talking_pan_laughing__OTGHOG4Z,0,fake,DFD_fake,/home/max-andreasen/GitHub/DeepfakeBench/clip/embeddings/benchmarks/dfd_layer16/ViT-L-14-336-quickgelu/pre_proj/DeepFakeDetection/DFD_fake/01_20__outside_talking_pan_laughing__OTGHOG4Z.npz,96,1024,pre_proj
DeepFakeDetection,01_20__outside_talking_still_laughing__6UBMLXK3,0,fake,DFD_fake,/home/max-andreasen/GitHub/DeepfakeBench/clip/embeddings/benchmarks/dfd_layer16/ViT-L-14-336-quickgelu/pre_proj/DeepFakeDetection/DFD_fake/01_20__outside_talking_still_laughing__6UBMLXK3.npz,96,1024,pre_proj
DeepFakeDetection,01_20__outside_talking_still_laughing__FW94AIMJ,0,fake,DFD_fake,/home/max-andreasen/GitHub/DeepfakeBench/clip/embeddings/benchmarks/dfd_layer16/ViT-L-14-336-quickgelu/pre_proj/DeepFakeDetection/DFD_fake/01_20__outside_talking_still_laughing__FW94AIMJ.npz,96,1024,pre_proj
DeepFakeDetection,01_20__outside_talking_still_laughing__OTGHOG4Z,0,fake,DFD_fake,/home/max-andreasen/GitHub/DeepfakeBench/clip/embeddings/benchmarks/dfd_layer16/ViT-L-14-336-quickgelu/pre_proj/DeepFakeDetection/DFD_fake/01_20__outside_talking_still_laughing__OTGHOG4Z.npz,96,1024,pre_proj
DeepFakeDetection,01_20__secret_conversation__6UBMLXK3,0,fake,DFD_fake,/home/max-andreasen/GitHub/DeepfakeBench/clip/embeddings/benchmarks/dfd_layer16/ViT-L-14-336-quickgelu/pre_proj/DeepFakeDetection/DFD_fake/01_20__secret_conversation__6UBMLXK3.npz,96,1024,pre_proj
DeepFakeDetection,01_20__talking_angry_couch__6UBMLXK3,0,fake,DFD_fake,/home/max-andreasen/GitHub/DeepfakeBench/clip/embeddings/benchmarks/dfd_layer16/ViT-L-14-336-quickgelu/pre_proj/DeepFakeDetection/DFD_fake/01_20__talking_angry_couch__6UBMLXK3.npz,96,1024,pre_proj
DeepFakeDetection,01_20__talking_angry_couch__FW94AIMJ,0,fake,DFD_fake,/home/max-andreasen/GitHub/DeepfakeBench/clip/embeddings/benchmarks/dfd_layer16/ViT-L-14-336-quickgelu/pre_proj/DeepFakeDetection/DFD_fake/01_20__talking_angry_couch__FW94AIMJ.npz,96,1024,pre_proj
DeepFakeDetection,01_20__walking_and_outside_surprised__6UBMLXK3,0,fake,DFD_fake,/home/max-andreasen/GitHub/DeepfakeBench/clip/embeddings/benchmarks/dfd_layer16/ViT-L-14-336-quickgelu/pre_proj/DeepFakeDetection/DFD_fake/01_20__walking_and_outside_surprised__6UBMLXK3.npz,96,1024,pre_proj
DeepFakeDetection,01_20__walking_and_outside_surprised__OTGHOG4Z,0,fake,DFD_fake,/home/max-andreasen/GitHub/DeepfakeBench/clip/embeddings/benchmarks/dfd_layer16/ViT-L-14-336-quickgelu/pre_proj/DeepFakeDetection/DFD_fake/01_20__walking_and_outside_surprised__OTGHOG4Z.npz,96,1024,pre_proj
DeepFakeDetection,01_21__kitchen_pan__03X7CELV,0,fake,DFD_fake,/home/max-andreasen/GitHub/DeepfakeBench/clip/embeddings/benchmarks/dfd_layer16/ViT-L-14-336-quickgelu/pre_proj/DeepFakeDetection/DFD_fake/01_21__kitchen_pan__03X7CELV.npz,96,1024,pre_proj
DeepFakeDetection,01_21__outside_talking_pan_laughing__03X7CELV,0,fake,DFD_fake,/home/max-andreasen/GitHub/DeepfakeBench/clip/embeddings/benchmarks/dfd_layer16/ViT-L-14-336-quickgelu/pre_proj/DeepFakeDetection/DFD_fake/01_21__outside_talking_pan_laughing__03X7CELV.npz,96,1024,pre_proj
DeepFakeDetection,01_21__secret_conversation__03X7CELV,0,fake,DFD_fake,/home/max-andreasen/GitHub/DeepfakeBench/clip/embeddings/benchmarks/dfd_layer16/ViT-L-14-336-quickgelu/pre_proj/DeepFakeDetection/DFD_fake/01_21__secret_conversation__03X7CELV.npz,96,1024,pre_proj
DeepFakeDetection,01_21__talking_angry_couch__03X7CELV,0,fake,DFD_fake,/home/max-andreasen/GitHub/DeepfakeBench/clip/embeddings/benchmarks/dfd_layer16/ViT-L-14-336-quickgelu/pre_proj/DeepFakeDetection/DFD_fake/01_21__talking_angry_couch__03X7CELV.npz,96,1024,pre_proj
DeepFakeDetection,01_21__walk_down_hall_angry__03X7CELV,0,fake,DFD_fake,/home/max-andreasen/GitHub/DeepfakeBench/clip/embeddings/benchmarks/dfd_layer16/ViT-L-14-336-quickgelu/pre_proj/DeepFakeDetection/DFD_fake/01_21__walk_down_hall_angry__03X7CELV.npz,96,1024,pre_proj
DeepFakeDetection,01_26__exit_phone_room__BTVMWLG6,0,fake,DFD_fake,/home/max-andreasen/GitHub/DeepfakeBench/clip/embeddings/benchmarks/dfd_layer16/ViT-L-14-336-quickgelu/pre_proj/DeepFakeDetection/DFD_fake/01_26__exit_phone_room__BTVMWLG6.npz,96,1024,pre_proj
DeepFakeDetection,01_26__meeting_serious__ZMEJ535O,0,fake,DFD_fake,/home/max-andreasen/GitHub/DeepfakeBench/clip/embeddings/benchmarks/dfd_layer16/ViT-L-14-336-quickgelu/pre_proj/DeepFakeDetection/DFD_fake/01_26__meeting_serious__ZMEJ535O.npz,96,1024,pre_proj
DeepFakeDetection,01_26__outside_talking_pan_laughing__ZMEJ535O,0,fake,DFD_fake,/home/max-andreasen/GitHub/DeepfakeBench/clip/embeddings/benchmarks/dfd_layer16/ViT-L-14-336-quickgelu/pre_proj/DeepFakeDetection/DFD_fake/01_26__outside_talking_pan_laughing__ZMEJ535O.npz,96,1024,pre_proj
DeepFakeDetection,01_26__walking_outside_cafe_disgusted__BTVMWLG6,0,fake,DFD_fake,/home/max-andreasen/GitHub/DeepfakeBench/clip/embeddings/benchmarks/dfd_layer16/ViT-L-14-336-quickgelu/pre_proj/DeepFakeDetection/DFD_fake/01_26__walking_outside_cafe_disgusted__BTVMWLG6.npz,96,1024,pre_proj
DeepFakeDetection,01_27__hugging_happy__ZYCZ30C0,0,fake,DFD_fake,/home/max-andreasen/GitHub/DeepfakeBench/clip/embeddings/benchmarks/dfd_layer16/ViT-L-14-336-quickgelu/pre_proj/DeepFakeDetection/DFD_fake/01_27__hugging_happy__ZYCZ30C0.npz,96,1024,pre_proj
DeepFakeDetection,01_27__meeting_serious__ZYCZ30C0,0,fake,DFD_fake,/home/max-andreasen/GitHub/DeepfakeBench/clip/embeddings/benchmarks/dfd_layer16/ViT-L-14-336-quickgelu/pre_proj/DeepFakeDetection/DFD_fake/01_27__meeting_serious__ZYCZ30C0.npz,96,1024,pre_proj
DeepFakeDetection,01_27__outside_talking_still_laughing__S2YCUY48,0,fake,DFD_fake,/home/max-andreasen/GitHub/DeepfakeBench/clip/embeddings/benchmarks/dfd_layer16/ViT-L-14-336-quickgelu/pre_proj/DeepFakeDetection/DFD_fake/01_27__outside_talking_still_laughing__S2YCUY48.npz,96,1024,pre_proj
DeepFakeDetection,01_27__outside_talking_still_laughing__ZYCZ30C0,0,fake,DFD_fake,/home/max-andreasen/GitHub/DeepfakeBench/clip/embeddings/benchmarks/dfd_layer16/ViT-L-14-336-quickgelu/pre_proj/DeepFakeDetection/DFD_fake/01_27__outside_talking_still_laughing__ZYCZ30C0.npz,96,1024,pre_proj
DeepFakeDetection,01_27__talking_against_wall__ZYCZ30C0,0,fake,DFD_fake,/home/max-andreasen/GitHub/DeepfakeBench/clip/embeddings/benchmarks/dfd_layer16/ViT-L-14-336-quickgelu/pre_proj/DeepFakeDetection/DFD_fake/01_27__talking_against_wall__ZYCZ30C0.npz,96,1024,pre_proj
DeepFakeDetection,01_27__talking_angry_couch__ZYCZ30C0,0,fake,DFD_fake,/home/max-andreasen/GitHub/DeepfakeBench/clip/embeddings/benchmarks/dfd_layer16/ViT-L-14-336-quickgelu/pre_proj/DeepFakeDetection/DFD_fake/01_27__talking_angry_couch__ZYCZ30C0.npz,96,1024,pre_proj
DeepFakeDetection,01_27__walking_outside_cafe_disgusted__ZYCZ30C0,0,fake,DFD_fake,/home/max-andreasen/GitHub/DeepfakeBench/clip/embeddings/benchmarks/dfd_layer16/ViT-L-14-336-quickgelu/pre_proj/DeepFakeDetection/DFD_fake/01_27__walking_outside_cafe_disgusted__ZYCZ30C0.npz,96,1024,pre_proj
DeepFakeDetection,02_01__exit_phone_room__YVGY8LOK,0,fake,DFD_fake,/home/max-andreasen/GitHub/DeepfakeBench/clip/embeddings/benchmarks/dfd_layer16/ViT-L-14-336-quickgelu/pre_proj/DeepFakeDetection/DFD_fake/02_01__exit_phone_room__YVGY8LOK.npz,96,1024,pre_proj
DeepFakeDetection,02_01__hugging_happy__YVGY8LOK,0,fake,DFD_fake,/home/max-andreasen/GitHub/DeepfakeBench/clip/embeddings/benchmarks/dfd_layer16/ViT-L-14-336-quickgelu/pre_proj/DeepFakeDetection/DFD_fake/02_01__hugging_happy__YVGY8LOK.npz,96,1024,pre_proj
DeepFakeDetection,02_01__meeting_serious__YVGY8LOK,0,fake,DFD_fake,/home/max-andreasen/GitHub/DeepfakeBench/clip/embeddings/benchmarks/dfd_layer16/ViT-L-14-336-quickgelu/pre_proj/DeepFakeDetection/DFD_fake/02_01__meeting_serious__YVGY8LOK.npz,96,1024,pre_proj
DeepFakeDetection,02_01__outside_talking_still_laughing__YVGY8LOK,0,fake,DFD_fake,/home/max-andreasen/GitHub/DeepfakeBench/clip/embeddings/benchmarks/dfd_layer16/ViT-L-14-336-quickgelu/pre_proj/DeepFakeDetection/DFD_fake/02_01__outside_talking_still_laughing__YVGY8LOK.npz,96,1024,pre_proj
DeepFakeDetection,02_01__secret_conversation__YVGY8LOK,0,fake,DFD_fake,/home/max-andreasen/GitHub/DeepfakeBench/clip/embeddings/benchmarks/dfd_layer16/ViT-L-14-336-quickgelu/pre_proj/DeepFakeDetection/DFD_fake/02_01__secret_conversation__YVGY8LOK.npz,96,1024,pre_proj
DeepFakeDetection,02_01__talking_against_wall__YVGY8LOK,0,fake,DFD_fake,/home/max-andreasen/GitHub/DeepfakeBench/clip/embeddings/benchmarks/dfd_layer16/ViT-L-14-336-quickgelu/pre_proj/DeepFakeDetection/DFD_fake/02_01__talking_against_wall__YVGY8LOK.npz,96,1024,pre_proj
DeepFakeDetection,02_01__talking_angry_couch__YVGY8LOK,0,fake,DFD_fake,/home/max-andreasen/GitHub/DeepfakeBench/clip/embeddings/benchmarks/dfd_layer16/ViT-L-14-336-quickgelu/pre_proj/DeepFakeDetection/DFD_fake/02_01__talking_angry_couch__YVGY8LOK.npz,96,1024,pre_proj
DeepFakeDetection,02_01__walk_down_hall_angry__YVGY8LOK,0,fake,DFD_fake,/home/max-andreasen/GitHub/DeepfakeBench/clip/embeddings/benchmarks/dfd_layer16/ViT-L-14-336-quickgelu/pre_proj/DeepFakeDetection/DFD_fake/02_01__walk_down_hall_angry__YVGY8LOK.npz,96,1024,pre_proj
DeepFakeDetection,02_01__walking_down_indoor_hall_disgust__YVGY8LOK,0,fake,DFD_fake,/home/max-andreasen/GitHub/DeepfakeBench/clip/embeddings/benchmarks/dfd_layer16/ViT-L-14-336-quickgelu/pre_proj/DeepFakeDetection/DFD_fake/02_01__walking_down_indoor_hall_disgust__YVGY8LOK.npz,96,1024,pre_proj
DeepFakeDetection,02_01__walking_outside_cafe_disgusted__YVGY8LOK,0,fake,DFD_fake,/home/max-andreasen/GitHub/DeepfakeBench/clip/embeddings/benchmarks/dfd_layer16/ViT-L-14-336-quickgelu/pre_proj/DeepFakeDetection/DFD_fake/02_01__walking_outside_cafe_disgusted__YVGY8LOK.npz,96,1024,pre_proj
DeepFakeDetection,02_03__kitchen_still__ZESUJMM7,0,fake,DFD_fake,/home/max-andreasen/GitHub/DeepfakeBench/clip/embeddings/benchmarks/dfd_layer16/ViT-L-14-336-quickgelu/pre_proj/DeepFakeDetection/DFD_fake/02_03__kitchen_still__ZESUJMM7.npz,96,1024,pre_proj
DeepFakeDetection,02_03__podium_speech_happy__QH3Y0IG0,0,fake,DFD_fake,/home/max-andreasen/GitHub/DeepfakeBench/clip/embeddings/benchmarks/dfd_layer16/ViT-L-14-336-quickgelu/pre_proj/DeepFakeDetection/DFD_fake/02_03__podium_speech_happy__QH3Y0IG0.npz,96,1024,pre_proj
DeepFakeDetection,02_03__walking_and_outside_surprised__GYX5OFTD,0,fake,DFD_fake,/home/max-andreasen/GitHub/DeepfakeBench/clip/embeddings/benchmarks/dfd_layer16/ViT-L-14-336-quickgelu/pre_proj/DeepFakeDetection/DFD_fake/02_03__walking_and_outside_surprised__GYX5OFTD.npz,96,1024,pre_proj
DeepFakeDetection,02_03__walking_down_street_outside_angry__QH3Y0IG0,0,fake,DFD_fake,/home/max-andreasen/GitHub/DeepfakeBench/clip/embeddings/benchmarks/dfd_layer16/ViT-L-14-336-quickgelu/pre_proj/DeepFakeDetection/DFD_fake/02_03__walking_down_street_outside_angry__QH3Y0IG0.npz,96,1024,pre_proj
DeepFakeDetection,02_03__walking_outside_cafe_disgusted__GYX5OFTD,0,fake,DFD_fake,/home/max-andreasen/GitHub/DeepfakeBench/clip/embeddings/benchmarks/dfd_layer16/ViT-L-14-336-quickgelu/pre_proj/DeepFakeDetection/DFD_fake/02_03__walking_outside_cafe_disgusted__GYX5OFTD.npz,96,1024,pre_proj
DeepFakeDetection,02_03__walking_outside_cafe_disgusted__QH3Y0IG0,0,fake,DFD_fake,/home/max-andreasen/GitHub/DeepfakeBench/clip/embeddings/benchmarks/dfd_layer16/ViT-L-14-336-quickgelu/pre_proj/DeepFakeDetection/DFD_fake/02_03__walking_outside_cafe_disgusted__QH3Y0IG0.npz,96,1024,pre_proj
DeepFakeDetection,02_04__exit_phone_room__SUIZOXAJ,0,fake,DFD_fake,/home/max-andreasen/GitHub/DeepfakeBench/clip/embeddings/benchmarks/dfd_layer16/ViT-L-14-336-quickgelu/pre_proj/DeepFakeDetection/DFD_fake/02_04__exit_phone_room__SUIZOXAJ.npz,96,1024,pre_proj
DeepFakeDetection,02_04__hugging_happy__SUIZOXAJ,0,fake,DFD_fake,/home/max-andreasen/GitHub/DeepfakeBench/clip/embeddings/benchmarks/dfd_layer16/ViT-L-14-336-quickgelu/pre_proj/DeepFakeDetection/DFD_fake/02_04__hugging_happy__SUIZOXAJ.npz,96,1024,pre_proj
DeepFakeDetection,02_04__outside_talking_still_laughing__8CH7R4LW,0,fake,DFD_fake,/home/max-andreasen/GitHub/DeepfakeBench/clip/embeddings/benchmarks/dfd_layer16/ViT-L-14-336-quickgelu/pre_proj/DeepFakeDetection/DFD_fake/02_04__outside_talking_still_laughing__8CH7R4LW.npz,96,1024,pre_proj
DeepFakeDetection,02_04__podium_speech_happy__8CH7R4LW,0,fake,DFD_fake,/home/max-andreasen/GitHub/DeepfakeBench/clip/embeddings/benchmarks/dfd_layer16/ViT-L-14-336-quickgelu/pre_proj/DeepFakeDetection/DFD_fake/02_04__podium_speech_happy__8CH7R4LW.npz,96,1024,pre_proj
DeepFakeDetection,02_04__secret_conversation__8CH7R4LW,0,fake,DFD_fake,/home/max-andreasen/GitHub/DeepfakeBench/clip/embeddings/benchmarks/dfd_layer16/ViT-L-14-336-quickgelu/pre_proj/DeepFakeDetection/DFD_fake/02_04__secret_conversation__8CH7R4LW.npz,96,1024,pre_proj
DeepFakeDetection,02_04__walk_down_hall_angry__8CH7R4LW,0,fake,DFD_fake,/home/max-andreasen/GitHub/DeepfakeBench/clip/embeddings/benchmarks/dfd_layer16/ViT-L-14-336-quickgelu/pre_proj/DeepFakeDetection/DFD_fake/02_04__walk_down_hall_angry__8CH7R4LW.npz,96,1024,pre_proj
DeepFakeDetection,02_04__walk_down_hall_angry__SUIZOXAJ,0,fake,DFD_fake,/home/max-andreasen/GitHub/DeepfakeBench/clip/embeddings/benchmarks/dfd_layer16/ViT-L-14-336-quickgelu/pre_proj/DeepFakeDetection/DFD_fake/02_04__walk_down_hall_angry__SUIZOXAJ.npz,96,1024,pre_proj
DeepFakeDetection,02_04__walking_and_outside_surprised__SUIZOXAJ,0,fake,DFD_fake,/home/max-andreasen/GitHub/DeepfakeBench/clip/embeddings/benchmarks/dfd_layer16/ViT-L-14-336-quickgelu/pre_proj/DeepFakeDetection/DFD_fake/02_04__walking_and_outside_surprised__SUIZOXAJ.npz,96,1024,pre_proj
DeepFakeDetection,02_06__exit_phone_room__3J3BHSHI,0,fake,DFD_fake,/home/max-andreasen/GitHub/DeepfakeBench/clip/embeddings/benchmarks/dfd_layer16/ViT-L-14-336-quickgelu/pre_proj/DeepFakeDetection/DFD_fake/02_06__exit_phone_room__3J3BHSHI.npz,96,1024,pre_proj
DeepFakeDetection,02_06__exit_phone_room__HZAXM70B,0,fake,DFD_fake,/home/max-andreasen/GitHub/DeepfakeBench/clip/embeddings/benchmarks/dfd_layer16/ViT-L-14-336-quickgelu/pre_proj/DeepFakeDetection/DFD_fake/02_06__exit_phone_room__HZAXM70B.npz,96,1024,pre_proj
DeepFakeDetection,02_06__kitchen_pan__0M6JNS5D,0,fake,DFD_fake,/home/max-andreasen/GitHub/DeepfakeBench/clip/embeddings/benchmarks/dfd_layer16/ViT-L-14-336-quickgelu/pre_proj/DeepFakeDetection/DFD_fake/02_06__kitchen_pan__0M6JNS5D.npz,96,1024,pre_proj
DeepFakeDetection,02_06__kitchen_pan__3J3BHSHI,0,fake,DFD_fake,/home/max-andreasen/GitHub/DeepfakeBench/clip/embeddings/benchmarks/dfd_layer16/ViT-L-14-336-quickgelu/pre_proj/DeepFakeDetection/DFD_fake/02_06__kitchen_pan__3J3BHSHI.npz,96,1024,pre_proj
DeepFakeDetection,02_06__kitchen_pan__O9WOC1KJ,0,fake,DFD_fake,/home/max-andreasen/GitHub/DeepfakeBench/clip/embeddings/benchmarks/dfd_layer16/ViT-L-14-336-quickgelu/pre_proj/DeepFakeDetection/DFD_fake/02_06__kitchen_pan__O9WOC1KJ.npz,96,1024,pre_proj
DeepFakeDetection,02_06__kitchen_still__HZAXM70B,0,fake,DFD_fake,/home/max-andreasen/GitHub/DeepfakeBench/clip/embeddings/benchmarks/dfd_layer16/ViT-L-14-336-quickgelu/pre_proj/DeepFakeDetection/DFD_fake/02_06__kitchen_still__HZAXM70B.npz,96,1024,pre_proj
DeepFakeDetection,02_06__outside_talking_pan_laughing__N8OSN8P6,0,fake,DFD_fake,/home/max-andreasen/GitHub/DeepfakeBench/clip/embeddings/benchmarks/dfd_layer16/ViT-L-14-336-quickgelu/pre_proj/DeepFakeDetection/DFD_fake/02_06__outside_talking_pan_laughing__N8OSN8P6.npz,96,1024,pre_proj
DeepFakeDetection,02_06__podium_speech_happy__N8OSN8P6,0,fake,DFD_fake,/home/max-andreasen/GitHub/DeepfakeBench/clip/embeddings/benchmarks/dfd_layer16/ViT-L-14-336-quickgelu/pre_proj/DeepFakeDetection/DFD_fake/02_06__podium_speech_happy__N8OSN8P6.npz,96,1024,pre_proj
DeepFakeDetection,02_06__podium_speech_happy__SU4OQCS9,0,fake,DFD_fake,/home/max-andreasen/GitHub/DeepfakeBench/clip/embeddings/benchmarks/dfd_layer16/ViT-L-14-336-quickgelu/pre_proj/DeepFakeDetection/DFD_fake/02_06__podium_speech_happy__SU4OQCS9.npz,96,1024,pre_proj
DeepFakeDetection,02_06__secret_conversation__O9WOC1KJ,0,fake,DFD_fake,/home/max-andreasen/GitHub/DeepfakeBench/clip/embeddings/benchmarks/dfd_layer16/ViT-L-14-336-quickgelu/pre_proj/DeepFakeDetection/DFD_fake/02_06__secret_conversation__O9WOC1KJ.npz,96,1024,pre_proj
DeepFakeDetection,02_06__talking_angry_couch__GH8TGTBS,0,fake,DFD_fake,/home/max-andreasen/GitHub/DeepfakeBench/clip/embeddings/benchmarks/dfd_layer16/ViT-L-14-336-quickgelu/pre_proj/DeepFakeDetection/DFD_fake/02_06__talking_angry_couch__GH8TGTBS.npz,96,1024,pre_proj
DeepFakeDetection,02_06__talking_angry_couch__J1W9R0NG,0,fake,DFD_fake,/home/max-andreasen/GitHub/DeepfakeBench/clip/embeddings/benchmarks/dfd_layer16/ViT-L-14-336-quickgelu/pre_proj/DeepFakeDetection/DFD_fake/02_06__talking_angry_couch__J1W9R0NG.npz,96,1024,pre_proj
DeepFakeDetection,02_06__talking_angry_couch__MKZTXQ2T,0,fake,DFD_fake,/home/max-andreasen/GitHub/DeepfakeBench/clip/embeddings/benchmarks/dfd_layer16/ViT-L-14-336-quickgelu/pre_proj/DeepFakeDetection/DFD_fake/02_06__talking_angry_couch__MKZTXQ2T.npz,96,1024,pre_proj
DeepFakeDetection,02_06__walking_and_outside_surprised__N8OSN8P6,0,fake,DFD_fake,/home/max-andreasen/GitHub/DeepfakeBench/clip/embeddings/benchmarks/dfd_layer16/ViT-L-14-336-quickgelu/pre_proj/DeepFakeDetection/DFD_fake/02_06__walking_and_outside_surprised__N8OSN8P6.npz,96,1024,pre_proj
DeepFakeDetection,02_06__walking_and_outside_surprised__O9WOC1KJ,0,fake,DFD_fake,/home/max-andreasen/GitHub/DeepfakeBench/clip/embeddings/benchmarks/dfd_layer16/ViT-L-14-336-quickgelu/pre_proj/DeepFakeDetection/DFD_fake/02_06__walking_and_outside_surprised__O9WOC1KJ.npz,96,1024,pre_proj
DeepFakeDetection,02_06__walking_down_indoor_hall_disgust__GH8TGTBS,0,fake,DFD_fake,/home/max-andreasen/GitHub/DeepfakeBench/clip/embeddings/benchmarks/dfd_layer16/ViT-L-14-336-quickgelu/pre_proj/DeepFakeDetection/DFD_fake/02_06__walking_down_indoor_hall_disgust__GH8TGTBS.npz,96,1024,pre_proj
DeepFakeDetection,02_06__walking_down_indoor_hall_disgust__HZAXM70B,0,fake,DFD_fake,/home/max-andreasen/GitHub/DeepfakeBench/clip/embeddings/benchmarks/dfd_layer16/ViT-L-14-336-quickgelu/pre_proj/DeepFakeDetection/DFD_fake/02_06__walking_down_indoor_hall_disgust__HZAXM70B.npz,96,1024,pre_proj
DeepFakeDetection,02_06__walking_down_indoor_hall_disgust__U6MDWIHG,0,fake,DFD_fake,/home/max-andreasen/GitHub/DeepfakeBench/clip/embeddings/benchmarks/dfd_layer16/ViT-L-14-336-quickgelu/pre_proj/DeepFakeDetection/DFD_fake/02_06__walking_down_indoor_hall_disgust__U6MDWIHG.npz,96,1024,pre_proj
DeepFakeDetection,26_07__exit_phone_room__FGNGC2GT,0,fake,DFD_fake,/home/max-andreasen/GitHub/DeepfakeBench/clip/embeddings/benchmarks/dfd_layer16/ViT-L-14-336-quickgelu/pre_proj/DeepFakeDetection/DFD_fake/26_07__exit_phone_room__FGNGC2GT.npz,96,1024,pre_proj
DeepFakeDetection,26_09__talking_against_wall__C3K20JOL,0,fake,DFD_fake,/home/max-andreasen/GitHub/DeepfakeBench/clip/embeddings/benchmarks/dfd_layer16/ViT-L-14-336-quickgelu/pre_proj/DeepFakeDetection/DFD_fake/26_09__talking_against_wall__C3K20JOL.npz,96,1024,pre_proj
DeepFakeDetection,26_12__outside_talking_pan_laughing__OVOQACG8,0,fake,DFD_fake,/home/max-andreasen/GitHub/DeepfakeBench/clip/embeddings/benchmarks/dfd_layer16/ViT-L-14-336-quickgelu/pre_proj/DeepFakeDetection/DFD_fake/26_12__outside_talking_pan_laughing__OVOQACG8.npz,96,1024,pre_proj
DeepFakeDetection,26_13__kitchen_pan__XRS5W2NC,0,fake,DFD_fake,/home/max-andreasen/GitHub/DeepfakeBench/clip/embeddings/benchmarks/dfd_layer16/ViT-L-14-336-quickgelu/pre_proj/DeepFakeDetection/DFD_fake/26_13__kitchen_pan__XRS5W2NC.npz,96,1024,pre_proj
DeepFakeDetection,26_14__podium_speech_happy__ILLP29ZH,0,fake,DFD_fake,/home/max-andreasen/GitHub/DeepfakeBench/clip/embeddings/benchmarks/dfd_layer16/ViT-L-14-336-quickgelu/pre_proj/DeepFakeDetection/DFD_fake/26_14__podium_speech_happy__ILLP29ZH.npz,96,1024,pre_proj
DeepFakeDetection,26_18__outside_talking_still_laughing__UMEX6HWU,0,fake,DFD_fake,/home/max-andreasen/GitHub/DeepfakeBench/clip/embeddings/benchmarks/dfd_layer16/ViT-L-14-336-quickgelu/pre_proj/DeepFakeDetection/DFD_fake/26_18__outside_talking_still_laughing__UMEX6HWU.npz,96,1024,pre_proj
DeepFakeDetection,26_20__kitchen_pan__34DJQS3E,0,fake,DFD_fake,/home/max-andreasen/GitHub/DeepfakeBench/clip/embeddings/benchmarks/dfd_layer16/ViT-L-14-336-quickgelu/pre_proj/DeepFakeDetection/DFD_fake/26_20__kitchen_pan__34DJQS3E.npz,96,1024,pre_proj
DeepFakeDetection,26_20__talking_angry_couch__34DJQS3E,0,fake,DFD_fake,/home/max-andreasen/GitHub/DeepfakeBench/clip/embeddings/benchmarks/dfd_layer16/ViT-L-14-336-quickgelu/pre_proj/DeepFakeDetection/DFD_fake/26_20__talking_angry_couch__34DJQS3E.npz,96,1024,pre_proj
DeepFakeDetection,26_25__talking_against_wall__PQ41U3IJ,0,fake,DFD_fake,/home/max-andreasen/GitHub/DeepfakeBench/clip/embeddings/benchmarks/dfd_layer16/ViT-L-14-336-quickgelu/pre_proj/DeepFakeDetection/DFD_fake/26_25__talking_against_wall__PQ41U3IJ.npz,96,1024,pre_proj
DeepFakeDetection,26_27__podium_speech_happy__IE9N0ZI9,0,fake,DFD_fake,/home/max-andreasen/GitHub/DeepfakeBench/clip/embeddings/benchmarks/dfd_layer16/ViT-L-14-336-quickgelu/pre_proj/DeepFakeDetection/DFD_fake/26_27__podium_speech_happy__IE9N0ZI9.npz,96,1024,pre_proj
DeepFakeDetection,27_02__hugging_happy__UGO2181S,0,fake,DFD_fake,/home/max-andreasen/GitHub/DeepfakeBench/clip/embeddings/benchmarks/dfd_layer16/ViT-L-14-336-quickgelu/pre_proj/DeepFakeDetection/DFD_fake/27_02__hugging_happy__UGO2181S.npz,96,1024,pre_proj
DeepFakeDetection,27_02__talking_angry_couch__GVFLSZD5,0,fake,DFD_fake,/home/max-andreasen/GitHub/DeepfakeBench/clip/embeddings/benchmarks/dfd_layer16/ViT-L-14-336-quickgelu/pre_proj/DeepFakeDetection/DFD_fake/27_02__talking_angry_couch__GVFLSZD5.npz,96,1024,pre_proj
DeepFakeDetection,27_03__walking_and_outside_surprised__KWGI1LSZ,0,fake,DFD_fake,/home/max-andreasen/GitHub/DeepfakeBench/clip/embeddings/benchmarks/dfd_layer16/ViT-L-14-336-quickgelu/pre_proj/DeepFakeDetection/DFD_fake/27_03__walking_and_outside_surprised__KWGI1LSZ.npz,96,1024,pre_proj
DeepFakeDetection,27_06__walk_down_hall_angry__S3T7SK9O,0,fake,DFD_fake,/home/max-andreasen/GitHub/DeepfakeBench/clip/embeddings/benchmarks/dfd_layer16/ViT-L-14-336-quickgelu/pre_proj/DeepFakeDetection/DFD_fake/27_06__walk_down_hall_angry__S3T7SK9O.npz,96,1024,pre_proj
DeepFakeDetection,27_13__walking_outside_cafe_disgusted__A1OSUJE9,0,fake,DFD_fake,/home/max-andreasen/GitHub/DeepfakeBench/clip/embeddings/benchmarks/dfd_layer16/ViT-L-14-336-quickgelu/pre_proj/DeepFakeDetection/DFD_fake/27_13__walking_outside_cafe_disgusted__A1OSUJE9.npz,96,1024,pre_proj
DeepFakeDetection,27_18__outside_talking_pan_laughing__NYHE8D0J,0,fake,DFD_fake,/home/max-andreasen/GitHub/DeepfakeBench/clip/embeddings/benchmarks/dfd_layer16/ViT-L-14-336-quickgelu/pre_proj/DeepFakeDetection/DFD_fake/27_18__outside_talking_pan_laughing__NYHE8D0J.npz,96,1024,pre_proj
DeepFakeDetection,27_20__walking_and_outside_surprised__LM907ECA,0,fake,DFD_fake,/home/max-andreasen/GitHub/DeepfakeBench/clip/embeddings/benchmarks/dfd_layer16/ViT-L-14-336-quickgelu/pre_proj/DeepFakeDetection/DFD_fake/27_20__walking_and_outside_surprised__LM907ECA.npz,96,1024,pre_proj
DeepFakeDetection,27_25__walking_and_outside_surprised__GNIMW95Z,0,fake,DFD_fake,/home/max-andreasen/GitHub/DeepfakeBench/clip/embeddings/benchmarks/dfd_layer16/ViT-L-14-336-quickgelu/pre_proj/DeepFakeDetection/DFD_fake/27_25__walking_and_outside_surprised__GNIMW95Z.npz,96,1024,pre_proj
DeepFakeDetection,27_26__talking_against_wall__IE9N0ZI9,0,fake,DFD_fake,/home/max-andreasen/GitHub/DeepfakeBench/clip/embeddings/benchmarks/dfd_layer16/ViT-L-14-336-quickgelu/pre_proj/DeepFakeDetection/DFD_fake/27_26__talking_against_wall__IE9N0ZI9.npz,96,1024,pre_proj
DeepFakeDetection,28_05__walking_outside_cafe_disgusted__U9LRLJ6N,0,fake,DFD_fake,/home/max-andreasen/GitHub/DeepfakeBench/clip/embeddings/benchmarks/dfd_layer16/ViT-L-14-336-quickgelu/pre_proj/DeepFakeDetection/DFD_fake/28_05__walking_outside_cafe_disgusted__U9LRLJ6N.npz,96,1024,pre_proj
DeepFakeDetection,28_08__secret_conversation__5DCAESDA,0,fake,DFD_fake,/home/max-andreasen/GitHub/DeepfakeBench/clip/embeddings/benchmarks/dfd_layer16/ViT-L-14-336-quickgelu/pre_proj/DeepFakeDetection/DFD_fake/28_08__secret_conversation__5DCAESDA.npz,96,1024,pre_proj
DeepFakeDetection,28_08__talking_angry_couch__KXO8S7OP,0,fake,DFD_fake,/home/max-andreasen/GitHub/DeepfakeBench/clip/embeddings/benchmarks/dfd_layer16/ViT-L-14-336-quickgelu/pre_proj/DeepFakeDetection/DFD_fake/28_08__talking_angry_couch__KXO8S7OP.npz,96,1024,pre_proj
DeepFakeDetection,28_08__walking_outside_cafe_disgusted__6HFK6PB4,0,fake,DFD_fake,/home/max-andreasen/GitHub/DeepfakeBench/clip/embeddings/benchmarks/dfd_layer16/ViT-L-14-336-quickgelu/pre_proj/DeepFakeDetection/DFD_fake/28_08__walking_outside_cafe_disgusted__6HFK6PB4.npz,96,1024,pre_proj
DeepFakeDetection,28_08__walking_outside_cafe_disgusted__8BC35RFU,0,fake,DFD_fake,/home/max-andreasen/GitHub/DeepfakeBench/clip/embeddings/benchmarks/dfd_layer16/ViT-L-14-336-quickgelu/pre_proj/DeepFakeDetection/DFD_fake/28_08__walking_outside_cafe_disgusted__8BC35RFU.npz,96,1024,pre_proj
DeepFakeDetection,28_08__walking_outside_cafe_disgusted__KXO8S7OP,0,fake,DFD_fake,/home/max-andreasen/GitHub/DeepfakeBench/clip/embeddings/benchmarks/dfd_layer16/ViT-L-14-336-quickgelu/pre_proj/DeepFakeDetection/DFD_fake/28_08__walking_outside_cafe_disgusted__KXO8S7OP.npz,96,1024,pre_proj
DeepFakeDetection,28_16__exit_phone_room__OANAQYD5,0,fake,DFD_fake,/home/max-andreasen/GitHub/DeepfakeBench/clip/embeddings/benchmarks/dfd_layer16/ViT-L-14-336-quickgelu/pre_proj/DeepFakeDetection/DFD_fake/28_16__exit_phone_room__OANAQYD5.npz,96,1024,pre_proj
DeepFakeDetection,28_16__exit_phone_room__U757192N,0,fake,DFD_fake,/home/max-andreasen/GitHub/DeepfakeBench/clip/embeddings/benchmarks/dfd_layer16/ViT-L-14-336-quickgelu/pre_proj/DeepFakeDetection/DFD_fake/28_16__exit_phone_room__U757192N.npz,96,1024,pre_proj
DeepFakeDetection,28_16__kitchen_pan__X5FNCYON,0,fake,DFD_fake,/home/max-andreasen/GitHub/DeepfakeBench/clip/embeddings/benchmarks/dfd_layer16/ViT-L-14-336-quickgelu/pre_proj/DeepFakeDetection/DFD_fake/28_16__kitchen_pan__X5FNCYON.npz,96,1024,pre_proj
DeepFakeDetection,28_16__kitchen_still__U757192N,0,fake,DFD_fake,/home/max-andreasen/GitHub/DeepfakeBench/clip/embeddings/benchmarks/dfd_layer16/ViT-L-14-336-quickgelu/pre_proj/DeepFakeDetection/DFD_fake/28_16__kitchen_still__U757192N.npz,96,1024,pre_proj
DeepFakeDetection,28_16__podium_speech_happy__6DWLCU6T,0,fake,DFD_fake,/home/max-andreasen/GitHub/DeepfakeBench/clip/embeddings/benchmarks/dfd_layer16/ViT-L-14-336-quickgelu/pre_proj/DeepFakeDetection/DFD_fake/28_16__podium_speech_happy__6DWLCU6T.npz,96,1024,pre_proj
DeepFakeDetection,28_16__podium_speech_happy__ZA8XJIE9,0,fake,DFD_fake,/home/max-andreasen/GitHub/DeepfakeBench/clip/embeddings/benchmarks/dfd_layer16/ViT-L-14-336-quickgelu/pre_proj/DeepFakeDetection/DFD_fake/28_16__podium_speech_happy__ZA8XJIE9.npz,96,1024,pre_proj
DeepFakeDetection,28_16__secret_conversation__R1QD0XDQ,0,fake,DFD_fake,/home/max-andreasen/GitHub/DeepfakeBench/clip/embeddings/benchmarks/dfd_layer16/ViT-L-14-336-quickgelu/pre_proj/DeepFakeDetection/DFD_fake/28_16__secret_conversation__R1QD0XDQ.npz,96,1024,pre_proj
DeepFakeDetection,28_16__walk_down_hall_angry__X5FNCYON,0,fake,DFD_fake,/home/max-andreasen/GitHub/DeepfakeBench/clip/embeddings/benchmarks/dfd_layer16/ViT-L-14-336-quickgelu/pre_proj/DeepFakeDetection/DFD_fake/28_16__walk_down_hall_angry__X5FNCYON.npz,96,1024,pre_proj
DeepFakeDetection,28_16__walking_down_street_outside_angry__6DWLCU6T,0,fake,DFD_fake,/home/max-andreasen/GitHub/DeepfakeBench/clip/embeddings/benchmarks/dfd_layer16/ViT-L-14-336-quickgelu/pre_proj/DeepFakeDetection/DFD_fake/28_16__walking_down_street_outside_angry__6DWLCU6T.npz,96,1024,pre_proj
DeepFakeDetection,28_16__walking_down_street_outside_angry__U757192N,0,fake,DFD_fake,/home/max-andreasen/GitHub/DeepfakeBench/clip/embeddings/benchmarks/dfd_layer16/ViT-L-14-336-quickgelu/pre_proj/DeepFakeDetection/DFD_fake/28_16__walking_down_street_outside_angry__U757192N.npz,96,1024,pre_proj
DeepFakeDetection,28_16__walking_down_street_outside_angry__ZA8XJIE9,0,fake,DFD_fake,/home/max-andreasen/GitHub/DeepfakeBench/clip/embeddings/benchmarks/dfd_layer16/ViT-L-14-336-quickgelu/pre_proj/DeepFakeDetection/DFD_fake/28_16__walking_down_street_outside_angry__ZA8XJIE9.npz,96,1024,pre_proj
DeepFakeDetection,28_16__walking_outside_cafe_disgusted__NAZP864W,0,fake,DFD_fake,/home/max-andreasen/GitHub/DeepfakeBench/clip/embeddings/benchmarks/dfd_layer16/ViT-L-14-336-quickgelu/pre_proj/DeepFakeDetection/DFD_fake/28_16__walking_outside_cafe_disgusted__NAZP864W.npz,96,1024,pre_proj
